"EmployeeId";"EmployeeName";"FatherName";"Gender";"DepartmentKey";"Designation";"PhoneNumber";"EmailId";"StatusOfEmployee";"EmployeeKey"
"100";"Komal";"Mukhtar Singh";"Female";"2";"HR";"46546788";"komal45@gmail.com";"1";"1"
"102";"Kirandeep";"Mukhtar Singh";"Female";"2";"Manager";"98543235";"kiran@gmail.com";"Female";"9"
"103";"Kirandeep";"Mukhtar S";"Female";"2";"assistant";"785534";"kirandeep@gmail.com";"Female";"11"
"104";"muskan";"dilip kumar";"Female";"1";"Assistant developer";"5465768";"muskan@gmail.com";"Female";"12"
"110";"param";"malkiat";"Male";"6";"DepHead";"565768";"param@gmail.com";"Male";"13"
"44";"ggh";"ghgh";"Female";"0";"HR";"78686";"hghgh";"Active";"14"
"45";"sam";"john";"Male";"2";"hjhj";"57676";"hghf";"Active";"15"
"121";"samy";"mny";"Female";"6";"HR";"56666666666";"gfgfttdd";"Active";"16"
